{"scenario_id": "4320178704", "scenario_name": "3", "weather": "HardRainSunset", "scenario": [{"path": [{"x": -53.2819400870133, "y": 41.809699131114556, "z": 0.6}, {"x": -49.8384335197955, "y": 71.69886633032701, "z": 0.6}, {"x": -52.93758943029151, "y": 100.44856381226744, "z": 0.6}], "vehicle": "dodge.charger_2020", "color": {"r": 127, "g": 127, "b": 127}, "active": true}]}