{"scenario_name": "test2", "map_name": "string", "weather": "string", "scenario": [{"path": [{"x": -52.186737060546875, "y": 42.56512451171875, "z": 0.5999999642372131}, {"x": -76.92958068847656, "y": 73.47618865966797, "z": 0.5999999642372131}], "vehicle": "audi.a2", "color": {"r": 0, "g": 0, "b": 0}, "active": false}, {"path": [{"x": -49.09077453613281, "y": 45.97665023803711, "z": 0.5999999642372131}, {"x": -48.72158432006836, "y": 112.01082611083984, "z": 0.5999999642372131}], "vehicle": "tesla.cybertruck", "color": {"r": 0, "g": 0, "b": 0}, "active": false}], "scenario_id": "5532054774"}