{"scenario_name": "test2", "map_name": "string", "weather": "string", "scenario": [{"path": [{"x": -52.186737060546875, "y": 42.56512451171875, "z": 0.5999999642372131}, {"x": -48.565467834472656, "y": 85.6451187133789, "z": 0.5999999642372131}, {"x": -52.07392120361328, "y": 100.18904876708984, "z": 0.5999999642372131}, {"x": -68.73516845703125, "y": 129.30384826660156, "z": 0.5999999642372131}], "vehicle": "audi.a2", "color": {"r": 0, "g": 0, "b": 0}, "active": false}], "scenario_id": "8229752423"}